101, 1.0624176221697257
101, 3.121865379166209
101, 0.02756409980648964
101, 1.0360179789172135
101, 1.4863264682397046
101, 5.795780321086491
101, 5.589458552540476
101, 1.8083584797990158
101, 5.121775471741821
101, 4.636421710535311
101, 0.690512024211013
101, 10.074223657921099
101, 0.10423328494605477
101, 0.7653652284484215
101, 16.91365840604848
101, 0.6555263644315704
101, 0.6563778831829521
101, 12.711936396500265
101, 0.14896991053454023
101, 38.04401441219408
101, 5.193559330121853
101, 1.2041548776730315
101, 0.02144421537227141
101, 0.052113080627354987
101, 0.004992818657426282
101, 5.791599256757732
101, 1.2610973604427549
101, 0.771854865999215
101, 4.656494608038556
101, 4.106880142303121
101, 3.626125465673643
101, 0.05424359277128008
101, 5.071776718008622
101, 8.72830976136615
101, 26.094245432158672
101, 22.859502522481066
101, 0.8474776377602253
101, 1.1115864828755428
101, 4.859524356151585
101, 9.33803743137852
101, 1.1604001841529752
101, 4.3496895061868495
101, 3.6533548411773786
101, 20.687968931460293
101, 0.28338358757092624
101, 1.205276996422094
101, 2.8544345610936053
101, 8.547287518564106
101, 3.647106358267023
101, 1.7281416308350461
101, 0.1578285230314236
101, 17.50743545153663
101, 2.2978377189286707
101, 0.1179171539721522
101, 1.3228736055795818
101, 3.3736057136579127
101, 8.381249254687779
101, 5.577891025010627
101, 2.4756234636025907
101, 5.1897498571400655
101, 0.5570030133072117
101, 0.5136653991168101
101, 0.49944514916887
101, 1.1008498048504298
101, 6.076052360666177
101, 1.253863337848465
101, 1.993077401953214
101, 0.856147311859582
101, 2.8599186983273794
101, 1.022665055770319
101, 0.04254060096036711
101, 2.2589117700259975
101, 21.085907591197138
101, 0.03862767521886033
101, 11.020611372959737
101, 0.4010647871998372
101, 13.794813361057777
101, 2.928315836586471
101, 9.76243962163849
101, 0.08582371330625044
101, 6.895289334520166
101, 3.161697632313043
101, 13.373871859191867
101, 4.623749327645096
101, 11.831961753790312
101, 11.161776131207764
101, 5.329556787262064
101, 0.9382229709692185
101, 3.8675113170343636
101, 1.8146787827333335
101, 6.457549695327781
101, 0.9232281685740708
101, 3.52871557302514
101, 0.7245197474357072
101, 20.302180765235878
101, 2.1327941813647993
101, 1.6036535850139955
101, 20.97567411557763
101, 9.089104397171772
101, 2.424610819009582
101, 3.5412743826159785
101, 13.138239754513373
101, 0.9709211456620928
101, 0.9763025656749247
101, 1.4093200752114712
101, 17.325775889572018
101, 8.488422414642447
101, 3.779165918334461
101, 3.7445907077597487
101, 36.91072262768572
101, 2.404799607891737
101, 6.543603318608086
101, 11.649550083515832
101, 7.697419157225359
101, 1.801365391886243
101, 1.245756929760995
101, 8.357133703744955
101, 0.5962454439552294
101, 0.34822305138521287
101, 15.912539536815588
101, 8.306929471352035
101, 18.6188125842483
101, 0.5077565281915964
101, 0.016223318127045108
101, 4.15725528118714
101, 4.588178708172562
101, 7.969035695013143
101, 0.038918522549680534
101, 4.831390162291659
101, 0.1949649927183967
101, 19.74537684644985
101, 6.679006581012539
101, 0.24878685965535674
101, 24.410594705046623
101, 0.014617364408408658
101, 4.86614572127949
101, 6.52803438015894
101, 14.587998674627316
101, 3.834264542626603
101, 0.08020665611748753
101, 15.495862741122592
101, 1.0856298886628482
101, 11.715212107121843
101, 3.3099705628332288
101, 4.911197351908674
101, 6.588719480724004
101, 5.089940113086421
101, 0.003316531005036908
101, 1.5590988303198534
101, 10.187492239548993
101, 0.03526840588783748
101, 2.142563348963175
101, 3.903802442708279
101, 6.681837456345124
101, 16.606205704799645
101, 9.598994868400831
101, 3.732912626654917
101, 0.693140880231299
101, 7.670426244245151
101, 20.060427636232415
101, 19.78616420082387
101, 0.012681194415301243
101, 0.8559622597645373
101, 33.172790387034844
101, 0.015454422217455537
101, 8.611785650600385
101, 6.0523038164966465
101, 0.23867434659580417
101, 7.659045538838733
101, 13.239735865391612
101, 0.14215395978370468
101, 0.9861532908831913
101, 2.466330689696142
101, 4.617871954914853
101, 4.77539157266264
101, 2.8418720694320605
101, 12.8612608822553
101, 2.799428406615491
101, 11.479683038619802
101, 3.1064082878174872
101, 15.568823251294553
101, 0.5467213813348168
101, 0.7871602502346234
101, 1.6711502583579732
101, 17.918523898969095
101, 1.3375126852618655
101, 9.800075032603306
101, 0.4571214647714951
101, 15.795962816865037
101, 6.452414625302003
101, 1.1703317136014961
101, 1.1029072727852998
101, 1.4368221422857053
101, 0.6547546046905014
101, 3.1636407377048807
101, 7.900051731605687
101, 8.243316483151094
101, 11.470105567008268
101, 1.752886046689149
101, 3.377576970418525
101, 10.453796573409825
101, 12.102297455112922
101, 0.16191520011508764
101, 2.9653554417511265
101, 4.9396296623549425
101, 1.3374020268408366
101, 3.661845000030603
101, 11.865445669999982
101, 0.14905278798845273
101, 8.129153022181997
101, 3.684281040606601
101, 7.043878930244886
101, 5.661144449307969
101, 20.233617977245068
101, 42.46977121388822
101, 13.088154975891996
101, 1.971946783583195
101, 6.239593050540812
101, 1.1006819255261433
101, 8.17279090087276
101, 1.383255071773064
101, 5.641310988866363
101, 0.0017197029758119465
101, 5.1048095749088604
101, 2.015376409864734
101, 5.412273210553649
101, 10.586462466108745
101, 3.7638974723060503
101, 0.11682834400457559
101, 4.539951991981717
101, 3.4300307938800447
101, 1.916486735571523
101, 0.9127747751999655
101, 2.4693717952412686
101, 6.533603581353269
101, 0.02058616563176256
101, 2.5548793231015328
101, 6.151349508162242
101, 0.7508442488974643
101, 0.3049763734371966
101, 3.7308078818825305
101, 49.90420184810895
101, 2.0907211794633316
101, 13.573249174229057
101, 0.5153562069258049
101, 0.9811975381994084
101, 1.1913891179720015
101, 6.380438153810986
101, 0.011029712097787088
101, 14.829062471173575
101, 4.905840521412781
101, 3.3939560213160727
101, 0.3269326317657606
101, 0.23394486589586153
101, 6.044131787114812
101, 1.8079125722872826
101, 13.484320261136867
101, 3.547241032577269
101, 1.7458773604897808
101, 0.45249811163936193
101, 4.692023684456586
101, 0.031422308587488734
101, 1.7008828596111023
101, 1.3394827430664336
101, 0.23613628543341175
101, 1.8858258381824695
101, 3.976715902682544
101, 10.97039695761592
101, 17.4957808836419
101, 0.005517428041626145
101, 1.577880166390509
101, 9.630221704200558
101, 1.273126284735818
101, 1.273620875494463
101, 10.754129305683215
101, 0.8772940020670409
101, 7.08307101666785E-4
101, 2.4159464250270344
101, 1.4747916137953407
101, 9.909384194816976
101, 0.17466646454960508
101, 11.703702793779682
101, 2.201225958997332
101, 2.67378260908604
101, 28.04955923659795
101, 3.282296873395093
101, 6.854522099074257
101, 4.1865563017392144
101, 0.450495854310912
101, 1.1684950239037464
101, 0.1335907654486834
101, 0.0011657283683691782
101, 1.1711675609727448
101, 0.015792878628448956
101, 23.552398807797527
101, 20.35768912050681
101, 1.8404307831659296E-4
101, 0.2897298271416467
101, 8.14059367011028
101, 6.631073008831489
101, 22.658448766578342
101, 5.038587295246776
101, 5.285225637970756
101, 1.1226172822201474
101, 8.379625419850635
101, 2.2166997549008
101, 26.001732676954678
101, 1.602942762226973
101, 0.2317322684933854
101, 0.0110832212898063
101, 0.15138018388484054
101, 18.226024898025774
101, 10.017232074751888
101, 1.6567241573386757
101, 0.8633503024777078
101, 0.9180895641710012
101, 1.7800065127351996
101, 2.21405796082208
101, 6.672091995400773
101, 0.14223823975098565
101, 0.0506384633424548
101, 0.8896002290835207
101, 4.4323576554689375
101, 3.055972273518969
101, 19.783063335969064
101, 1.0892813936830061
101, 0.06112042181213866
101, 8.418112171816377
101, 0.07028429207665617
101, 4.249666992639869
101, 0.0012419379900381426
101, 4.581547250794304
101, 0.004841901400097041
101, 4.866019790178648
101, 2.2037436506177843
101, 26.387475511842016
101, 0.16943922591307164
101, 10.466323482422387
101, 0.20160927516729762
101, 1.4296449397188153
101, 0.07142475710540995
101, 12.434141599427477
101, 7.860728354638064
101, 7.6117363058164065
101, 2.8059794798570343
101, 1.2285766646512886
101, 5.169036305507759
101, 6.682233455945566
101, 0.031578720761141175
101, 64.42688781024525
101, 0.9370148958074889
101, 0.03267903639786278
101, 0.0768738292749167
101, 0.5207223666862877
101, 2.551356385765998
101, 19.805876940695153
101, 18.62987625242018
101, 1.685989324277579
101, 17.23847175592882
101, 40.50089336927432
101, 0.018701795790579713
101, 21.844536688540227
101, 64.56093034357573
101, 1.4257096635199114
101, 23.5565374083051
101, 2.6127767794068704
101, 2.8630343430822243
101, 6.243906672448042E-6
101, 17.055204094866458
101, 1.8766174914220515
101, 0.08109426693513508
101, 10.861679026392592
101, 0.2367914543281872
101, 0.6450770886427991
101, 11.764322005503004
101, 5.3775311782180095
101, 0.9618876674355649
101, 0.5901496036885798
101, 46.40095149304684
101, 3.901163778597889
101, 7.144367713143607
101, 2.120170192998556
101, 1.9191092478835048
101, 0.037232738394803476
101, 7.744642838540378
101, 15.967344378798218
101, 4.5562227179689225
101, 0.3060209798315853
101, 2.8759366821735624
101, 1.0545858714809928
101, 14.245885037236805
101, 55.64284458158343
101, 0.040304185508482845
101, 29.87680170121178
101, 5.29535806887932
101, 0.14299343077964954
101, 0.810318623944033
101, 0.3070253549293744
101, 0.08330914807164796
101, 25.229272316948165
101, 1.251240595131252
101, 0.6297975764596652
101, 0.024796416776440327
101, 3.748624317409494
101, 0.08274546385243965
101, 28.808250809271303
101, 6.752267881763601
101, 4.799440670445805
101, 2.7520952771865406
101, 2.6604554245411527
101, 0.008635092458104331
101, 6.371958481674845
101, 18.289256501601603
101, 31.50867290405319
101, 19.953743715726784
101, 3.7741299425651093E-4
101, 0.651467949774691
101, 1.3296920423646845
101, 2.1555884323498193
101, 0.026024568484599227
101, 4.340176796931668
101, 30.021078343150357
101, 5.893745835871801
101, 0.014499526595081748
101, 0.7157116590564485
101, 0.13892805456832852
101, 5.041617096576138
101, 5.132964541313771
101, 0.20063205163003583
101, 1.4798281830072124
101, 4.053819534267648
101, 0.8165696025378195
101, 34.803942829234344
101, 1.8680132636432112
101, 0.5054113225328665
101, 1.3228106353554792
101, 19.661315528163133
101, 0.010616821768288922
101, 0.2548058062245122
101, 2.39378319837905
101, 0.5258051947688799
101, 3.592201793780302
101, 9.746420200536217
101, 0.03436020625401469
101, 0.4636293795371112
101, 7.739740126220463
101, 8.96527139498293
101, 0.8997946502127113
101, 1.5884742331696482
101, 0.15855983351131586
101, 0.22508529271628935
101, 4.761262203383445
101, 3.3261072213424674
101, 0.8878910715217869
101, 1.1717101474162623
101, 15.368693198674851
101, 2.1117921017650527
101, 2.5234207685887884
101, 1.2814343914654618
101, 0.6666940982020878
101, 6.829792995389415
101, 0.7347000648240277
101, 5.4133693330034145
101, 3.204056305477773
101, 3.7233286282648566
101, 0.2608833656705883
101, 0.5795835755774719
101, 0.022692791902386517
101, 1.3384585153192703
101, 14.158391518948598
101, 1.0159028313672845E-4
101, 26.11326586242712
101, 0.029586018066154983
101, 12.703038797297207
101, 8.681513785093033
101, 0.877256170287647
101, 11.175723721173341
101, 11.199451637621278
101, 9.067058574585026
101, 0.6390442523789432
101, 17.224115308591664
101, 0.7756851164601436
101, 6.563069770087791E-4
101, 0.07663504056534141
101, 7.2128201130319765
101, 3.271889905525044
101, 1.1678980038655082
101, 1.5320719064019883
101, 27.051907264517883
101, 4.217226868055991
101, 24.204582690722745
101, 0.29389196496533027
101, 5.9076518624224885
101, 8.295407599811401
101, 0.2020558360711445
101, 13.175528962896774
101, 15.313165764266227
101, 1.1115216296188803
101, 2.0876509427013445
101, 5.205039721611931
101, 0.7419809374542852
101, 2.0064977415140284
101, 0.024497683552612632
101, 0.35176314518545715
101, 12.72633194594977
101, 0.2865220713872808
101, 1.4884375626375144
101, 14.669591406191929
101, 8.050851706866622
101, 1.261338477323354
101, 19.13264910132009
101, 18.08378632971231
101, 0.48288744175422393
101, 1.7874330590620044
101, 0.13651105480878467
101, 0.045869967345395155
101, 1.3086757983291217
101, 0.0401650332238126
101, 0.2334765389281598
101, 16.953553495876253
101, 2.29855724521347
101, 27.012896203259675
101, 0.4264335429445958
101, 11.94125847702058
101, 3.0883874042267587
101, 29.904944771465917
101, 0.6410059663590084
101, 0.4080083435140795
101, 8.250621765166622
101, 0.1626382354578304
101, 9.168173730571452
101, 24.993127050729747
101, 1.475944226278481
101, 0.5481580405482469
101, 2.4157689429116354
101, 0.03555456474240988
101, 2.956559593695981
101, 2.0981158833035694
101, 1.4790977089967723
101, 3.519580068730239
101, 16.53693376352852
101, 11.766870907628238
101, 0.4091491909508022
101, 5.095640730460117
101, 11.015228367096338
101, 7.123850586018112
101, 2.9753445764462763
101, 0.09740447036773328
101, 1.7314847176048977
101, 24.8258884596225
101, 9.950183053144537
101, 3.519641558684999
101, 4.995947195448415
101, 21.60658005729373
101, 2.739484824599538
101, 1.641947113091284
101, 16.550623146908638
101, 9.12229534551126
101, 1.3667923000489544
101, 1.2898876713634495
101, 1.437733014733174
101, 7.35870750299143
101, 0.942749164532819
101, 6.061682663674469
101, 8.345362314447534
101, 1.4115654657760661
101, 3.530434577601251
101, 3.1659490849620564
101, 0.11226106910658638
101, 0.9475621939741165
101, 4.500769120916798
101, 1.6767254470936086
101, 27.47557034305124
101, 1.9636684411839487
101, 0.10568108670013335
101, 18.04429565484227
101, 3.598140085183554
101, 7.308381129873065
101, 7.74400013110841
101, 0.4177994814661101
101, 1.423763973887579
101, 0.005845061868440679
101, 8.11837002945697
101, 15.055311197407137
101, 5.291122577613679
101, 3.229317101232997
101, 37.864007382550895
101, 1.1019184378189368
101, 4.710497603884923
101, 1.0373470455165836
101, 16.74913394686969
101, 2.1912585506921953
101, 0.018284410000841668
101, 3.4258131983254616
101, 1.018053003338782
101, 47.53945154099353
101, 20.358732948004317
101, 0.9369157705682302
101, 0.5574495676854594
101, 19.909440290946808
101, 0.0053255232006214764
101, 1.0232048766472497
101, 13.815982195536499
101, 1.7684544842146923
101, 0.2929415525678539
101, 2.2235955559661993
101, 0.03943906976115654
101, 2.7549638080190086
101, 23.777445399936855
101, 7.941489106468815
101, 17.144702284697335
101, 0.7708168044539115
101, 0.059706329033419096
101, 0.9776848246768616
101, 27.832261827836888
101, 5.098157595847307
101, 7.482610653324467
101, 0.37817060534065705
101, 0.27346625054797796
101, 13.034645227922823
101, 0.18715764180327257
101, 16.06375511374568
101, 2.0687680191842532
101, 16.259245917876672
101, 0.227274065273657
101, 19.75300798397941
101, 0.04739751372970269
101, 7.8620407529813106
101, 0.9377035255415939
101, 0.20075273917273068
101, 18.64605185978369
101, 1.1463923535373464
101, 3.701297809688697
101, 0.6530171741207179
101, 2.207872614300663
101, 2.6413898727989773
101, 2.1677402264609023
101, 0.2992145000601944
101, 0.7587760883488844
101, 2.674657049574229
101, 4.180673777328602
101, 6.441449042591518
101, 6.936316815009683
101, 1.0963517375552518
101, 3.53163340525962
101, 0.01771453153569842
101, 0.03358113768119541
101, 14.553219767064286
101, 6.680698300799701
101, 2.3134667267696747
101, 0.38937958541839696
101, 6.428729425401596E-4
101, 0.583188513837333
101, 6.530121475329598
101, 2.115001239031452
101, 5.259071335220168E-4
101, 17.31750236778187
101, 1.8028718826293384
101, 6.110899948791014
101, 1.2597016772606089
101, 2.631375263964318
101, 4.6284571000840335
101, 0.08569267850084482
101, 0.11202111705870532
101, 10.609361925878646
101, 0.11807180849817855
101, 7.118624643096337E-4
101, 3.9951924456758965
101, 0.45511915822291316
101, 33.881388570370504
101, 1.381749805252445
101, 4.093459241351054
101, 0.10684274660406881
101, 0.019211593423001508
101, 33.92342916681617
101, 5.6969711495115956
101, 6.688618680188478
101, 3.280486536830204
101, 0.49382220545626276
101, 0.039835441366275565
101, 2.33682379381677
101, 3.375902014898325
101, 0.017847798883814485
101, 2.85258390934087
101, 4.581948558628862
101, 0.16297740895118623
101, 10.38868795790279
101, 10.07206932560541
101, 1.4921989985551831
101, 5.866924810850776
101, 1.527788994313765
101, 3.56563992396733
101, 2.6974325005837447
101, 12.300569997787122
101, 0.3449233851009178
101, 12.853463118871684
101, 4.522108140645291
101, 1.4832220778649745
101, 0.08363039723580319
101, 0.37918483079789356
101, 0.37674838511231773
101, 10.020958347855046
101, 4.726268476399463
101, 0.17234804180619276
101, 3.627280224830993
101, 8.43269473157285
101, 4.546317557412814
101, 0.08312468608051674
101, 7.65816247163842
101, 5.084233551215099
101, 2.1955468267499834
101, 0.13654798669854273
101, 0.001566799579839922
101, 12.201740641292684
101, 1.7525096311155084
101, 2.569548186685284
101, 0.2565480284783931
101, 1.6120167607838602
101, 14.907782392682439
101, 1.5445710053701331
101, 0.47879631095528297
101, 7.050563632907774E-4
101, 30.72627702946697
101, 10.062647467232358
101, 7.345385078239091
101, 0.6209071291187025
101, 14.411014752793015
101, 1.65670188162112
101, 8.11572076743985
101, 6.914274880080256
101, 0.7971519235413983
101, 1.3542644159636674
101, 0.8245081965356524
101, 0.9677123936673252
101, 0.41884597108370314
101, 1.033327897400425
101, 2.7862081484486265
101, 12.897400917898992
101, 4.249168237785566
101, 10.144316632911222
101, 0.2263021721396032
101, 11.647627304401173
101, 5.409771289139966
101, 26.259470519218883
101, 4.598239151771749
101, 3.0304783718898474
101, 1.8706495561646708
101, 0.012821761884276032
101, 1.2353872192115087
101, 4.588039025950293
101, 7.449755698722778
101, 38.19333496649328
101, 0.13253556391812932
101, 4.500521962906817
101, 10.675269624231714
101, 0.009372546168246105
101, 4.48447007124717
101, 0.05682090270302941
101, 20.22922555246018
101, 13.18102150217752
101, 0.804725406871377
101, 1.4188797295014572
101, 1.530721784325018
101, 0.3055183324793334
101, 0.15038537776303457
101, 74.82935968938045
101, 0.003996385306963666
101, 5.055316124952205
101, 16.359410306803944
101, 6.565458802018202
101, 0.7620671317101114
101, 7.916940164273805
101, 28.240709738359985
101, 25.236628194766478
101, 2.8826979223716287
101, 11.273032786436882
101, 2.673450581815712
101, 0.007464745764506206
101, 2.616961081094944
101, 0.22468760918891056
101, 11.065495207982211
101, 12.760592343452263
101, 0.0553658126419791
101, 5.218149020492428
101, 11.208651010093572
101, 0.23084490487422202
101, 2.0770635073644503
101, 0.6298972486581951
101, 15.81865218873018
101, 2.1419422991239236
101, 0.09907254587415916
101, 5.547106337135247
101, 0.18378962067516671
101, 1.7270631868061688
101, 1.4010059507820827
101, 0.9679983699660764
101, 8.116731756743427
101, 0.22582686897404805
101, 20.900894471810307
101, 2.7560623270967777
101, 28.70125563638844
101, 19.8045693412477
101, 6.924902947376376
101, 0.012329943128492785
101, 1.5514030427778187
101, 0.10312367622470779
101, 2.9227592969476897
101, 10.671855744163453
101, 6.914527554143704
101, 5.7486945314063185
101, 1.1189033455209743
101, 3.910651072127345
101, 0.5683669746410912
101, 1.0473908770986577
101, 1.0873543214007115
101, 3.9386943657540985
101, 16.225783168475424
101, 23.781601401333326
101, 0.0019063660214205152
101, 18.057459639401475
101, 0.09282390021923065
101, 1.8660282979220404
101, 16.952899699827096
101, 5.221000397628316
101, 0.0828315944644372
101, 1.138315883863861
101, 0.42866725785283005
101, 2.3539234453555817
101, 14.103286521170965
101, 0.5179170589527166
101, 2.341510581923976
101, 4.906440792461296
101, 4.520013154531071
101, 0.6509838905126788
101, 1.4296476324437724
101, 2.8785700570485706
101, 4.340501663282895
101, 9.584757953909055
101, 0.8256689279097881
101, 0.23251692783281624
101, 4.761015930622669
101, 0.24435907259320847
101, 0.5861118488225165
101, 14.474084370082169
101, 22.728921561038298
101, 3.7823779154749713
101, 0.3257467993097289
101, 2.1077176562606836
101, 0.3925749305390704
101, 0.2031414669825279
101, 2.8352219233911264
101, 4.567764311729656
101, 0.34732130561485514
101, 0.49853375773922415
101, 0.22935366675831453
101, 0.3239113326661813
101, 9.62967834437572
101, 0.11278687745144342
101, 0.6558800224178976
101, 10.64449036241761
101, 10.253449165659635
101, 6.03182312471501
101, 10.401394832548515
101, 0.2348871138667204
101, 5.087875749298745
101, 1.020122228033908
101, 14.431548810768582
101, 8.49286440632189
101, 0.09947530822577326
101, 14.559577658765294
101, 18.626839841569886
101, 0.0419419369560013
101, 7.67574179202314
101, 0.02161765440773602
101, 0.9656633958105625
101, 0.10341131555558439
101, 1.4448589966060505
101, 12.882529693473122
101, 52.850362872546825
101, 3.182100512514015
101, 14.020618252889472
101, 1.7241845917002
101, 1.0400022296077562
101, 12.901242685199557
101, 7.5695714578667825
101, 0.34472400532650604
101, 1.3563493443482504
101, 3.1087118468519734
101, 1.2987502148164507
101, 1.1443301853043468
101, 2.515115467489896
101, 9.188504124768556
101, 0.015670701524732995
101, 3.120545580086874
101, 2.3304029880954804
101, 2.272938415076224
101, 13.14317228692172
101, 0.00120618307469416
101, 2.438561293251541
101, 4.99477392513883E-4
101, 0.008389137051548538
101, 0.14413689612491715
101, 2.3374590393573045
101, 0.01285020172964458
101, 1.3217164528046796
101, 8.936884242878865
101, 0.7242198497724808
101, 0.9701219684233193
101, 0.005603314932714649
101, 1.7464208836709223
101, 0.082182406778343
101, 5.63924326421701
101, 29.579383834606194
101, 5.345971818041428
101, 1.5482543467390897
101, 8.1766261023219
101, 16.397537794982185
101, 7.525388418415802
101, 0.060257072764983016
101, 0.19024148176960057
101, 7.23896900925302
101, 5.35233031932008
101, 2.0300544243276004
101, 24.023731295681408
101, 1.0569317157640226
101, 0.17841931427970348
101, 5.467341831449812
101, 1.422491113187121
101, 18.258694932089384
101, 14.250106565666599
101, 9.073694973619688
101, 2.980049780139581
101, 6.13274932438294
101, 1.0456714749305072
101, 3.416666086986991
101, 1.9531312025703336
101, 12.694382887829478
101, 4.5418269562082525
101, 0.9357097998564673
101, 0.003698466939900812
101, 2.6690748258557986
101, 0.01413063221024156
101, 11.97517830731602
101, 0.05378310547979548
101, 28.094953462299245
101, 0.16962065178819263
101, 0.0742395635095202
101, 13.835456789807356
101, 5.673192455645384
101, 0.591994884568382
101, 5.636131295986842
101, 0.09492498651612047
101, 4.386367289297331
101, 16.34072296952398
101, 11.86034483880488
101, 0.7777688507740351
101, 4.409947340106038
101, 0.022172298108198246
101, 2.415753453959605
101, 3.4066453291481578
101, 0.43957577655330543
101, 0.5049972114032438
101, 4.284262871785263
101, 1.087474800182801
101, 3.7080452956940975
101, 1.0760360466811758
101, 18.69943551860139
101, 1.960045394014203
101, 0.7116445346661247
101, 0.07036357635512445
101, 0.4433138898475563
101, 0.2981906483243347
101, 4.120413523992182
101, 36.79067718531849
101, 7.182699347640235
101, 4.056712296238563E-6
101, 15.424520139125871
101, 0.0051397204492063635
101, 5.730513034501399
101, 0.022032069953017958
101, 6.912077896621505
101, 0.23972710356441762
101, 0.5046087318624087
101, 0.8648398048582598
101, 4.643554453099589
101, 5.507552381410023
101, 0.8979019596659351
101, 6.926158092593281
101, 2.8695661479547865
101, 7.152870841820999
101, 4.056200364887631
101, 9.563030982873375
101, 3.1970936855456467
101, 0.08739101874796798
101, 1.9079966931195174
101, 11.451796551616843
101, 6.311463157819224
101, 0.5923805536629785
101, 13.870046131121297
101, 11.7442617371279
101, 1.7460842825337406
101, 6.801493465729031E-4
101, 2.070180951090411
101, 4.076227375828744
101, 2.9812171612591647
101, 16.477472186349225
101, 2.3883631312252622
101, 0.01918383441737097
101, 1.3820115588801791
101, 29.29233462651458
101, 21.971460410774732
101, 0.7300184989159195
101, 6.738927973629999
101, 25.283687460005257
101, 0.8732407567864744
101, 7.942079987924905
101, 33.373623366377
101, 3.394644882579634
101, 16.588750894923763
101, 0.13191711423561983
101, 1.0245350710433339
101, 2.1542708436967617
101, 1.0059971831256482
101, 0.04161841994808504
101, 10.412828081352885
101, 1.727493157754666
101, 0.010971848439129493
101, 0.33881717387352583
101, 4.9033336810279335
101, 3.5336017287747983
101, 16.51967124862115
101, 6.604899098280451
101, 0.2973430137456462
101, 3.932168209335
101, 0.4675782742635895
101, 3.398915511151126
101, 9.026520495361172
101, 11.265297227963831
101, 3.6142661269996728
101, 0.033039218510308645
101, 8.365392192571234
101, 25.851003501678406
101, 0.01623001881097314
101, 0.09413400315754193
101, 0.512671872130565
101, 6.7167629767862636
101, 1.5961630792067967
101, 4.585781264865137
101, 0.097030202505927
101, 0.05514290922941613
101, 0.1917034580588984
101, 0.3536280675313986
101, 2.7437284425123347
101, 1.6169322712399012
101, 0.9493865527812712
101, 0.12264277455620883
101, 20.88681494531607
101, 0.9106922889374348
101, 2.8238218777236996
101, 2.3102752188600597
101, 0.19996727330516634
101, 0.994964532487097
101, 6.810821743270948
101, 0.2952877954902883
101, 8.124136534315587
101, 11.296233536992045
101, 2.8135590758638944
101, 6.255438148035756
101, 1.0087613667916895
101, 10.606719118056397
101, 17.05150443528008
101, 0.6107766482679335
101, 20.176155390171882
101, 3.1420896637836373
101, 8.129460750858788
101, 0.16234997011507696
101, 0.06421140418147803
101, 1.981798120225236
101, 0.35096536628608216
101, 2.212963851179925
101, 0.6955071860587225
101, 1.2882138619233763
101, 0.008894683970582242
101, 7.762970529632089
101, 0.5568651017315838
101, 1.3888540334421497
101, 0.06680536212608798
101, 4.708838772673529
101, 14.703994260736296
101, 15.467302276325654
101, 0.5499433238044266
101, 1.5044789107286394
101, 5.202549981163273
101, 0.9081052616171902
101, 11.434242593200233
101, 7.732832119428906
101, 4.086088915638382
101, 0.5153445582604622
101, 1.9057171194784237
101, 0.3467115870422896
101, 2.9519337889842223
101, 0.025910407592715193
101, 0.0036722245152544784
101, 5.959496969627362
101, 7.6489914989940635
101, 6.808849338422672
101, 3.1120853345279644
101, 24.168251082219726
101, 21.216847598192803
101, 0.2577856757366158
101, 0.0025706364143569744
101, 23.431788317030907
101, 2.469088479559625
101, 4.647248944081476
101, 0.4847944385851113
101, 1.6835859552959065
101, 0.1008234301250965
101, 4.887933341305703E-7
101, 6.713341862897571
101, 4.1070033508718184
101, 2.958573558697675
101, 1.6181389434256641
101, 0.7406091796937598
101, 1.7144774735767632
101, 1.5004190925634642
101, 2.4660295716571037
101, 3.393893491126971
101, 14.661657266526706
101, 0.045097494969823765
101, 5.3475124069136415
101, 11.918574437877233
101, 9.644854408824337
101, 0.17644943142367062
101, 2.5216123057982065
101, 0.2746022081978247
101, 0.8605248811155503
101, 58.583869931918834
101, 47.2133702810213
101, 7.605317951921158
101, 32.42425176647856
101, 2.0208632480831548
101, 18.597377126520122
101, 1.84067383215551E-5
101, 7.1198312690546794
101, 3.5440312924383406
101, 3.0978510609691012
101, 3.8197420780992775
101, 35.36013033477865
101, 0.34047266838048035
101, 0.8770401675277111
101, 7.81315736571286
101, 0.5873285489273904
101, 4.8966502220673656
101, 0.23768584365963255
101, 0.1729101087815116
101, 19.064067996020917
101, 3.0152380553780347
101, 0.6589758986028865
101, 10.388179368643659
101, 0.02991466574228681
101, 2.5219908112623184
101, 1.046791987994799
101, 7.8822875801165475
101, 3.466409142525637
101, 0.8140173510238397
101, 1.5007457558709119
101, 13.331818725488937
101, 0.6021352886860724
101, 2.775220966589831
101, 8.375985555929478
101, 3.460528875104654
101, 9.180296113188442
101, 3.691018073102043
101, 3.5635103532715835
101, 8.107769991591786
101, 0.2935105132214209
101, 7.939701418548047
101, 3.3656689322379916
101, 0.48221115874232634
101, 0.9597810360654654
101, 1.360303007605499
101, 2.2479079509908977
101, 7.391746169986133
101, 0.02402985354635918
101, 0.0384023861080841
101, 7.498590851175995
101, 0.8601441561196674
101, 4.988994438775586
101, 4.166419190336198
101, 5.59364024010011
101, 0.23669863484733764
101, 0.04852679291433088
101, 3.0694158449315374
101, 3.946254544309373
101, 11.600132335167567
101, 0.6496741778325986
101, 9.284301250013543
101, 4.667112705550504
101, 0.034567967033404985
101, 9.630558289661364
101, 1.0445532584065909
101, 2.4443543586024905
101, 15.446142749340913
101, 3.533691393373468
101, 19.874714241564618
101, 5.142901118191742
114, 0.4634763582123349
114, 2.86214065222339
114, 2.2804660754372876
114, 4.4638047217525
114, 16.210202951273196
114, 4.161359934976675
114, 0.028724480731777607
114, 4.817589194189421
114, 9.02018231636547
114, 2.15739008217457
114, 2.785171718972432
114, 3.4154572772744953
114, 3.3622179996844332
114, 5.343749052549718
114, 0.8532908222462408
114, 0.09596316237741437
114, 0.7207762013842889
114, 2.8616394556067224
114, 0.7483723614943714
114, 0.01850299368947451
114, 3.5877870668328793
114, 0.26370636184839447
114, 1.9436039889595473
114, 0.043898179767044423
114, 0.04671052674338426
114, 1.9828474899162147
114, 3.4859122460161696
114, 5.671908523352744
114, 3.801513333352409
114, 0.41721434417225695
114, 0.8456837806878361
114, 0.24454867331144045
114, 1.0672446149006949
114, 10.292478567525936
114, 0.03718856038139993
114, 8.133319806452121
114, 0.025036214433845495
114, 2.6458929506569615
114, 0.2601403233278485
114, 4.730523055409242
114, 1.1898498507915207
114, 0.017396383618278246
114, 2.5766168131288527
114, 2.3901806781621175
114, 11.208993050592282
114, 0.7614337312766237
114, 4.60385127355921
114, 17.200304903401623
114, 9.971321679464197
114, 0.1377819665164571
114, 2.4731038075013547
114, 0.7931184232454245
114, 1.4016577574051976
114, 1.2973291711455024
114, 0.22513092869061013
114, 2.3930742217103886
114, 2.266821471722568
114, 3.0032138856638024
114, 0.05994338904831231
114, 0.05681472137992917
114, 0.28951292952085805
114, 1.6747035818553815
114, 0.005752429648199399
114, 1.9466501804338878
114, 0.19726844051518475
114, 6.280244245875271
114, 8.423120695076571
114, 3.542222269230636
114, 22.749461735117062
114, 0.5208829809851612
114, 4.377928020279174
114, 2.3197833816468125
114, 0.34424716024229157
114, 5.151003060841882
114, 6.59220560001363
114, 0.10566230021008435
114, 9.598732731513358
114, 0.42764781697403037
114, 1.797764132660241
114, 4.500622552840827
114, 3.463718893402285
114, 0.2414090555812015
114, 10.324482384406107
114, 1.1377423161236377
114, 9.768430578112616
114, 0.22565587971217058
114, 0.2849719228447953
114, 2.1562670497442653
114, 0.931539273841011
114, 0.5229968848148119
114, 0.5119521921251439
114, 1.5076176574990074E-8
114, 2.884363169289251
114, 1.433738953424912
114, 2.1451848911053775
114, 0.6913078080701823
114, 1.2306946113473527
114, 1.3283126424561023E-4
114, 1.4311396106326313
114, 0.42037825509101145
114, 2.72911119433825
114, 0.65057179729523
114, 4.912854011256808
114, 6.689947378567336
114, 0.7320341268537836
114, 1.7821670026878937
114, 5.173370298620483
114, 2.4545832951027102
114, 7.130414393494014
114, 0.41848742233739195
114, 0.7816719642175076
114, 1.7082287910439011
114, 0.0706692979480551
114, 16.020951580137172
114, 11.806969275925404
114, 14.88169266181076
114, 5.999193462243545
114, 0.46984811254759173
114, 1.4423097352794483
114, 2.8157445616888253
114, 1.579511316711438
114, 2.745613840533381
114, 10.055463198185354
114, 0.8253427639696302
114, 0.031230231035246102
114, 9.443798039481264
114, 1.6757397954653954
114, 4.043024822778841
114, 1.5193636501736398
114, 7.504689889897537
114, 0.17378995902793298
114, 0.47597963419532674
114, 14.775502661253526
114, 0.06501182265303498
114, 6.0863775362185635
114, 1.62918639676145
114, 0.06542440572596732
114, 1.3030829611947192
114, 26.32796010355124
114, 0.026863236865477178
114, 3.2942722915735145
114, 0.12142890840826472
114, 33.51271215121788
114, 0.7143729798796676
114, 5.555910971020818
114, 2.2779981530424833
114, 4.218895691512382
114, 2.8094095567105857
114, 4.920339139416317
114, 1.5486756207330703
114, 0.7605141427085282
114, 4.397082570736685
114, 3.550462501694204
114, 0.062159013152312516
114, 1.5530591664058055
114, 0.18858408416606773
114, 1.2703498788308712E-4
114, 2.787145920936259
114, 2.2107528516886727
114, 0.3017155529115066
114, 1.6822514365346497
114, 2.8632758655692077
114, 1.47686107856772
114, 0.9728640836463971
114, 1.672559727034224
114, 3.4217747882645293
114, 2.2307949224885903
114, 1.8650386094936573
114, 4.121090115130775
114, 0.8635676611747477
114, 0.8779560085423399
114, 0.20455080540347823
114, 0.7445354500566272
114, 4.4526260835615
114, 1.5491167181682826
114, 1.173385771010657
114, 0.8842113721588488
114, 0.1878361608923116
114, 5.830900899516988
114, 1.2511177637968591
114, 0.9473923919856103
114, 0.0025089989209882545
114, 0.547576991188536
114, 1.3950966183076863
114, 0.8451773669635488
114, 1.192521908087105
114, 0.9444882446925771
114, 0.8568174323307503
114, 5.762491169887512
114, 0.12529449488695601
114, 0.24828398156802686
114, 4.331563876677501
114, 2.9448168391053966
114, 5.284752546296178
114, 1.725123132431964
114, 0.5196165748235124
114, 0.01789873120393777
114, 0.2764364921045196
114, 0.8213538984009939
114, 1.9307992046282394
114, 1.005151737594221
114, 0.25153648169415693
114, 6.897863978447408
114, 3.893790121496397
114, 5.07691637487306
114, 0.012883961393271862
114, 1.7271327571936317
114, 0.7759529439956818
114, 0.5742695054837239
114, 8.651045589446152
114, 1.983584272685143
114, 2.1460904832540932
114, 1.7239914102334024
114, 0.015452625072357642
114, 0.0042990860918522104
114, 11.53377397157915
114, 6.523753040841833
114, 0.15627614404352602
114, 4.610382673638047
114, 0.00516310755009745
114, 6.27789995143063
114, 0.02504595028530743
114, 2.759488468786876
114, 4.959434717046268
114, 1.3373869441729407
114, 13.085063416901729
114, 2.5310322872556497
114, 23.04487321782709
114, 5.281774901076725
114, 3.743302986660525
114, 1.7832922163129987
114, 1.329890560863279
114, 0.725512352797268
114, 0.6634829050079533
114, 22.045053120989927
114, 7.372916706854856
114, 6.746140407827809
114, 9.933577642196077
114, 0.14870151725960296
114, 13.062391419411451
114, 0.3106763577900674
114, 1.2559238840764824
114, 0.10479257727775616
114, 0.34197266501823975
114, 0.29424720677982574
114, 5.652446582176473
114, 6.30830614715488
114, 8.80293722545653
114, 8.530496907739373
114, 7.11980642416184
114, 2.302728109118301
114, 0.03291189305752102
114, 0.05119702597192729
114, 0.19460235975428186
114, 10.399361797368917
114, 0.06286943573632406
114, 0.001047880909751764
114, 0.9510667738005812
114, 2.091934734707521
114, 0.6174238878577171
114, 0.651816670822417
114, 0.042736016510625696
114, 1.9017670338627548
114, 2.02207013437405
114, 0.014417519645708938
114, 2.1488806081511025
114, 1.2885618362600804
114, 0.12656346196415283
114, 3.428919439325447
114, 11.166591201350762
114, 25.23990430401621
114, 0.1223299242485023
114, 1.2731918304878262
114, 6.6081925869078955
114, 12.492859623455724
114, 0.8449598995248909
114, 10.109307713644752
114, 0.33095900978191345
114, 4.873930696181384
114, 0.6654860856990285
114, 1.1569746723702987
114, 1.074060408079473
114, 3.5525553691954945
114, 0.16823449606615948
114, 1.4999456206210546
114, 0.3035092950763473
114, 22.499940922485415
114, 5.261269592027616
114, 0.22248164808787962
114, 3.2944038233412964
114, 7.080697532805072
114, 0.7982391999198603
114, 5.4063734831408325
114, 0.6207912625293152
114, 0.17811598486569907
114, 3.89195816160708
114, 0.13418205986451015
114, 0.114564034733411
114, 3.9013233645233503
114, 0.07509717902690254
114, 5.513721300793829
114, 2.827071505290974
114, 4.024963398759173
114, 9.165711532883673
114, 0.07156769632375498
114, 5.067152905510776
114, 7.914932853485082
114, 3.498259483139481
114, 11.916828279083047
114, 0.003831629345752449
114, 1.3559547123208222
114, 7.85801665935729
114, 2.824283858876012
114, 3.789653169595746
114, 8.835204829800654
114, 0.625783371618587
114, 1.0613165238493474
114, 2.2145282055475475
114, 2.3808067562651547
114, 0.992377783736124
114, 5.770486134508664
114, 1.9172460933851434
114, 4.741798108385072
114, 7.259123061218664
114, 14.03634290779294
114, 5.670684247050235
114, 2.751802032652508
114, 6.986436044416131
114, 0.6237709987149397
114, 0.2822795342237798
114, 10.159922411089338
114, 2.2564748838615674
114, 4.111752981172344
114, 1.9997779912527838
114, 3.527351496628159
114, 0.6855684398070933
114, 0.051953923209117014
114, 0.49282938905433754
114, 1.0135151979943982E-5
114, 7.164960384419869
114, 1.4217656605391458
114, 12.99980052913298
114, 0.9643221862471465
114, 2.2593990791938348
114, 0.016146897751224482
114, 1.8132754593127212
114, 3.776335864356225
114, 1.196056979193839
114, 0.004436659797436122
114, 7.185845398861157
114, 0.13910071636546656
114, 0.13315780384557
114, 9.59882730327901
114, 0.8455667383925147
114, 3.36670259633467
114, 0.44521257529189434
114, 0.4308031326425686
114, 2.2903428996956277
114, 0.013755420088245084
114, 11.613369272595895
114, 4.689617651271903
114, 5.406881960917868
114, 0.09538079168778996
114, 0.3755149559768251
114, 0.008936060846615447
114, 4.76238251871424
114, 8.576860869360267
114, 6.881798138916202
114, 0.007116324912810914
114, 4.697985627752716
114, 0.12106014640387974
114, 0.18223466465435184
114, 9.742104160246273
114, 1.7987837633868875
114, 2.2230816437694902
114, 0.9393575662857898
114, 1.7889243615153865
114, 3.2852227272627363
114, 6.359799741284487
114, 0.48314028235214035
114, 6.878579459461538
114, 13.228532156159911
114, 1.0158285345661417
114, 3.8081301213623235
114, 0.8501835689488108
114, 2.0487212526351066
114, 1.50017329724599
114, 0.24294905719275586
114, 17.497499478108704
114, 0.010853614542954958
114, 0.6559483068516211
114, 2.1023128249855456
114, 4.577663505764056
114, 20.35180736180454
114, 12.86402350503932
114, 0.7674801691120481
114, 3.0739791051091494
114, 4.197221969490384
114, 6.085494095914842
114, 0.2496234955729949
114, 4.218429474766488
114, 1.2580016731661223
114, 0.12833767170115884
114, 0.14618976214169888
114, 0.7171991441316382
114, 4.3225913075712485
114, 1.5852254524857547
114, 1.345283574251162
114, 3.19354872124092
114, 0.5902224344572037
114, 3.6893241850871816
114, 3.5376446824526413
114, 1.932477088072825
114, 3.9020009339969395
114, 4.585724313925237
114, 5.7248336650330325
114, 0.3597343746523341
114, 4.19333221248649
114, 1.0225979496907567
114, 6.919041709106501
114, 5.357270402331153
114, 6.907524112248138
114, 0.12543777426686378
114, 1.2752431272252547
114, 4.748653918105249
114, 8.52842626949108
114, 1.8676178525345764
114, 6.866118278220235
114, 0.3264303164483828
114, 10.499544989115535
114, 5.890460727096003
114, 3.10869239779132
114, 1.0979564212758988
114, 5.16605647581514
114, 0.37017905949345126
114, 0.008969960416224658
114, 13.700446973044741
114, 0.06387924468875601
114, 2.4794057702456604
114, 0.2482115080264264
114, 4.805227140265396
114, 1.5001278745262823
114, 2.090622025272472
114, 1.5908135759297743
114, 1.8912260029467964
114, 1.4904518748850435
114, 0.24918231040494052
114, 1.417519578182853
114, 0.002433253376430665
114, 0.2441520726216812
114, 6.881375039241239
114, 3.079117027823843
114, 0.5577358639560963
114, 0.9842842211098042
114, 0.011423604579604677
114, 0.8129662416832312
114, 1.4374582013803214
114, 0.5253146436425798
114, 0.36764985020897856
114, 0.009827124864864681
114, 7.445717540246162
114, 3.4497736661158114
114, 2.105269437809276
114, 13.197971472730096
114, 0.4551756642775086
114, 3.4108538422017065
114, 0.009235920095045699
114, 0.1272199901510895
114, 0.06588614363906671
114, 0.09557991834443627
114, 5.8663552951533955
114, 0.8998552051986723
114, 2.1167225242588756
114, 1.5714615866337207
114, 2.317466123771374
114, 0.35030790177913945
114, 11.200066578718491
114, 0.5381717537130556
114, 0.007165924196000119
114, 0.23434699685100657
114, 0.14349997696462283
114, 15.679482800677366
114, 0.020171660074039675
114, 2.7885354181914783
114, 2.269950551821545
114, 0.15161792527317347
114, 5.325229953522452
114, 9.76733054786286
114, 2.8202489947080425
114, 18.7617847184815
114, 6.478454148495531
114, 2.150310780819789
114, 2.7087924278616424
114, 6.911167111164239
114, 0.02097530520220902
114, 0.9743500817216804
114, 0.09295986783594354
114, 6.2655796670215835
114, 0.6703557998815461
114, 0.27122804590614863
114, 3.549709112931821
114, 0.2950468848924815
114, 4.873377966442557
114, 5.121860712996279
114, 0.32250466758863094
114, 1.7639282604529147
114, 0.27153693087718506
114, 6.0828031957244555
114, 0.005167035765377894
114, 0.3314211385134836
114, 1.9519058976913164
114, 7.102017714548516
114, 0.51006864333168
114, 0.4403325656704245
114, 1.7159747751527852
114, 8.660134056967525
114, 7.4127538862804165
114, 7.047255562585566
114, 0.5786052123329433
114, 1.537239698863433
114, 10.19917067972539
114, 3.5873471169561695
114, 2.036404054048461
114, 0.42696592850274095
114, 12.046293872227483
114, 1.281539231973415
114, 7.233122575320241
114, 2.3615171772068324
114, 2.012858291196842
114, 0.08628899258152585
114, 0.24758328978321117
114, 3.4140291752122143
114, 4.805343746038972
114, 10.612257420399281
114, 1.6587249275914773
114, 2.3780954043259763
114, 0.3217188759154498
114, 10.888769627528308
114, 3.062710013904685
114, 0.06486779457408691
114, 0.7659520938200942
114, 0.04591661832215475
114, 7.110587586968543
114, 2.6699938393218
114, 0.0710155738694254
114, 0.22650998366710304
114, 7.504131439699552
114, 3.5786680781734934
114, 0.19290188128251773
114, 10.286767628304428
114, 2.7388418062170463
114, 1.755869555263831
114, 3.218826922061958
114, 7.047516904854717E-4
114, 1.7634080482189858
114, 3.7566210333170647
114, 1.0119519793285587
114, 1.3735411440907623
114, 0.04489389548278635
114, 1.6516071286956624
114, 0.029135108419472356
114, 16.463048830192683
114, 3.032802236256293
114, 0.6698243200767912
114, 0.3586302611400901
114, 4.719784965509281
114, 0.6410954216364565
114, 0.015206213978703927
114, 1.0101486590580993
114, 6.705060843833083
114, 0.4178969335588826
114, 17.83804355725079
114, 0.007775007083092749
114, 1.242010293822088
114, 6.339690255790582
114, 0.15701858841045727
114, 1.3160236155834677
114, 0.13396172817341115
114, 0.09119833314024045
114, 8.310070510003232
114, 1.324717600069733E-4
114, 18.278897192662086
114, 0.4459544156850741
114, 2.1180063450936344
114, 0.47796986300773936
114, 0.9696101880841099
114, 0.4929999796547618
114, 4.829629975202956
114, 1.1123298300850033
114, 2.4748126043485676
114, 9.038011121068795
114, 5.2222450144662895
114, 1.418179375104629
114, 4.5262831778733705
114, 2.9458323048210127
114, 0.11733067595813673
114, 2.179380628348808
114, 4.115057056492065
114, 11.929437674420923
114, 3.8048200790662303
114, 2.4742349165462025
114, 1.6096319037315225
114, 2.5077476995639874
114, 0.029235928563250576
114, 2.8275072017086234
114, 0.21511097267696228
114, 0.846398148608798
114, 0.09870204931481988
114, 2.655741813384442
114, 1.0248852796056864
114, 0.028432026689995595
114, 3.735171581909416
114, 19.180191066287264
114, 11.47208127802393
114, 0.05548512325531245
114, 1.0493779398561485
114, 0.503947522646705
114, 1.3018455360310006
114, 0.12037248883609912
114, 0.4768571872025015
114, 3.24499850045026
114, 0.12483246437737859
114, 2.4703415043261248
114, 5.368627592333565
114, 1.1725726396340326
114, 0.012306586098869601
114, 2.5677901720220606
114, 4.785511212504728
114, 17.218600756275514
114, 1.160665972262215
114, 0.17430884234598562
114, 0.1485352533053527
114, 13.549472260917922
114, 4.014054362347053
114, 0.28658722089201233
114, 17.87857040434015
114, 3.3675651304369354
114, 1.4552736997257796
114, 11.909552292725191
114, 0.24650179652009085
114, 0.003241962971442728
114, 10.007853681756385
114, 10.946499067049833
114, 7.447830843527608
114, 3.5091201933948373
114, 0.37053153352143786
114, 6.21428669369464
114, 1.2972422609314065
114, 1.0929424913774137
114, 1.2594265439228964
114, 5.474398591158363
114, 0.08035656719742133
114, 3.3697035881483837
114, 5.356358034276983
114, 1.1580473290391458
114, 4.369204174057466
114, 1.308048107577364
114, 1.5209365968877353
114, 9.999514225329916
114, 8.193899115327136
114, 4.847752933364584
114, 5.63138479849962
114, 0.017433635830469044
114, 5.741613878095023
114, 18.37626676425228
114, 2.010939528699192
114, 1.1109462011772266
114, 1.6785148455785
114, 0.10600672100414946
114, 1.8566169433193542
114, 0.5274479881631812
114, 1.6647483550235354
114, 7.8776780449740365
114, 7.099583867315285
114, 0.3491714707045571
114, 21.261671081695596
114, 4.050617124022791
114, 0.6175927904914426
114, 0.001657668803712881
114, 0.4424879451600659
114, 0.7579879039276336
114, 0.7811337049813505
114, 9.665025300710475
114, 3.4305622527151987
114, 5.086895084392024
114, 1.3901180550876462
114, 1.6599484983504287
114, 2.216369864086721
114, 1.6409121321247817
114, 1.7247103890375401
114, 8.076370062393808
114, 12.904182698561971
114, 7.171552703787649
114, 1.4953677410024848
114, 2.084817876390493
114, 0.03771094298303041
114, 0.10564025893896947
114, 0.2756455521920048
114, 0.9304889626490749
114, 9.727015676775809E-4
114, 0.40842646059417587
114, 0.27675398703280674
114, 0.316249588785678
114, 1.9868741131452603
114, 2.3674098385809166
114, 0.01602368487535656
114, 5.55005008725153
114, 1.4821922640655343
114, 6.161296931288391
114, 2.3083608362164854
114, 0.8170731449453124
114, 12.19374908184298
114, 0.2955055894308926
114, 5.750399234146919
114, 0.7742664561540611
114, 2.271291157299773
114, 0.7968623472460242
114, 0.501966169401737
114, 1.9277849306945107
114, 2.3181802137874112
114, 0.9123671115510908
114, 0.007445464905651968
114, 0.4429536432531691
114, 0.37081956345953293
114, 3.227708269265991
114, 0.08975200878050155
114, 2.3365335977218304
114, 0.03910236946611082
114, 0.43734603639639014
114, 0.23558651208508077
114, 3.3371768538922684
114, 1.0791988050243324
114, 0.1576021144955074
114, 5.002261425316941
114, 0.3045868911145192
114, 0.2911962402713442
114, 20.915670160665766
114, 0.11560603469674406
114, 4.122554372626445
114, 3.049005127993057
114, 16.14783480843467
114, 1.681979067967735
114, 3.762196138321424
114, 0.6531779195109753
114, 1.8882930750148958
114, 4.169453633433839
114, 5.696955541320205
114, 0.8665941260211565
114, 0.28438872595125114
114, 5.4774006051650765
114, 3.6403397283922627E-4
114, 0.338636900172034
114, 0.08712470142824089
114, 8.858721558128185
114, 0.08429627695638475
114, 1.3290405983465463
114, 0.6129437623089621
114, 10.229008317700517
114, 0.4582139933522772
114, 2.3327226282670397
114, 0.7742452784492416
114, 1.4862528933404537
114, 0.8516430233363185
114, 1.0055240427271557
114, 5.883253100020523
114, 0.1724147475304936
114, 2.5123961213058847
114, 1.0505386113620436
114, 0.9263410644084598
114, 2.411549181441736
114, 3.802711658723204
114, 11.515113758030934
114, 8.144935275437252
114, 6.093403509593699
114, 0.8460180119693452
114, 0.4765382173050996
114, 4.581715429876262
114, 3.76470050805515
114, 6.764093175389028
114, 6.588748102791352
114, 0.6369289689927146
114, 1.2032669215427243
114, 3.2113930280772407
114, 0.4700331945591054
114, 4.939347385510917
114, 1.203150972136674
114, 0.7686494522932873
114, 0.5386499713036957
114, 2.8273231214002252
114, 2.3234539531139684
114, 5.513080512265723
114, 2.624133285527929
114, 4.431886731404228
114, 0.19675973000480412
114, 0.5888775836287315
114, 3.3461686235472685
114, 2.6010288717928054
114, 0.2689045554674329
114, 6.208833641707655
114, 0.5714050738092745
114, 0.09765055765628042
114, 1.9551651156845715
114, 1.0931656357499495
114, 0.23518932011752805
114, 3.40383707787417
114, 1.491473963991404
114, 0.05709633005631739
114, 0.7125096013692425
114, 2.876144716266818
114, 1.3356540049852021
114, 0.017430307164714807
114, 0.9390238231530686
114, 3.0572666775293302
114, 0.31371812350146006
114, 3.1332740422571206
114, 0.0955195774371121
114, 0.14727277997699084
114, 0.11021656582007479
114, 2.2414465022100654
114, 1.277103542271822
114, 0.7177449240934388
114, 0.7682801699421681
114, 0.23954762138123786
114, 5.0475298320796975
114, 11.18397392941919
114, 0.01635901588971166
114, 2.785583000592813
114, 0.006192435247233623
114, 0.2751451103838746
114, 12.930138235170574
114, 1.8762594489660551
114, 1.2562133518288794
114, 3.974209526984587
114, 3.37684783499816
114, 0.08157320934173524
114, 0.5379349275201765
114, 3.0072550244532072
114, 0.9049206836942791
114, 14.707498197848334
114, 2.600722695961469
114, 4.48097720189666
114, 4.917200331845162
114, 1.2598168073733325
114, 0.28504018485698357
114, 0.35653728906634846
114, 0.829589748478447
114, 1.541986979161017
114, 2.2210469897593352
114, 1.1792601604986173
114, 13.259216930370641
114, 1.5933994033391967
114, 0.11161104774972723
114, 9.321798408541962
114, 25.917882989396176
114, 8.565221518137713
114, 1.69215517900409
114, 1.5943876147668696
114, 10.193234134805136
114, 3.2358757450466564
114, 1.9292284792237135
114, 0.36718925685842424
114, 31.390014008254585
114, 0.784812863274435
114, 3.1243555866049446
114, 1.032730928311122
114, 3.7550260459793536
114, 1.4576722828179158
114, 8.73238731960668
114, 0.22466102207105387
114, 0.5414464878679147
114, 0.04311011206593503
114, 0.263910092933001
114, 14.732459583409133
114, 1.509154343192668
114, 0.5373274610801372
114, 7.336108102619297
114, 2.315258538661102
114, 3.854362891799431
114, 0.3823833815922055
114, 0.9796511939294419
114, 0.1577818013380146
114, 0.5280981637028522
114, 13.631050817678
114, 6.5177200051474555
114, 5.834540742333548
114, 5.268652667904213
114, 4.417881079797048
114, 0.12272573363633728
114, 2.3359624417958966
114, 0.20420870508112066
114, 0.05220899146771376
114, 2.214486405344472
114, 1.6503372892130015
114, 7.914402595862669
114, 2.0889723740260715
114, 1.6102784476359069
114, 2.140076023744803
114, 0.7470901896931075
114, 0.3169643462259289
114, 0.36657300592106123
114, 2.7232467388787085
114, 2.160738479035443
114, 1.067680564798542
114, 0.8509917783688835
114, 5.2728664194829316
114, 0.14693890878370916
114, 0.4512397185043883
114, 0.8571524287075416
114, 0.14793168157974115
114, 15.706882745599275
114, 0.23317502982957689
114, 2.9348970717656946
114, 19.05304954649267
114, 11.616795647584976
114, 4.179978627170871
114, 0.010393355523962814
114, 13.930533124997078
114, 1.8081990548703781
114, 0.3403527442312668
114, 1.9703730622522344
114, 4.364829517889857
114, 0.2554762427383638
114, 0.0570748195836268
114, 5.278554743657756
114, 0.020429648832094777
114, 1.770093852302144
114, 3.8180705076035917
114, 3.6444500769394934
114, 6.308593535912421
114, 3.9570760676009966
114, 10.706842377471967
114, 13.295144176307286
114, 4.6256417843285424
114, 1.0759137632727325
114, 6.9558823473862414
114, 0.45349071505580324
114, 5.43081072227057
114, 1.2433117454398919
114, 16.671840243528315
114, 5.95526567473027
114, 1.7596974526008604
114, 6.984055943866267
114, 1.1414139822639637
114, 0.9212551447989213
114, 0.12614435292054374
114, 1.9045880157777362
114, 0.0694599129610542
114, 0.5225735664101481
114, 4.0564482625253
114, 0.31930512327728744
114, 3.9349759036042045
114, 10.259868024681104
114, 0.7808638226230928
114, 0.1446464707036659
114, 0.06164435286411518
114, 0.6297516264807571
114, 0.7053425233565066
114, 1.1697336470806479
114, 1.8393715906016537
114, 0.2508071295468228
114, 10.181129514197526
114, 1.5236813154844007
114, 2.3218898917922135
114, 0.3381426151202312
114, 18.971756214112474
114, 5.2872385103442525
114, 0.248960098536842
114, 0.0585909915073214
114, 6.5302255271732665
114, 0.9578150549329334
114, 0.055861025668958314
114, 0.391052013358013
114, 5.834485072150379
114, 1.3299813071962832
114, 14.632247795132935
114, 0.1701005768702198
114, 6.10262664335917
114, 6.277345817386307
114, 2.2044713197396493
114, 9.730547417063288
114, 4.659243122536421
114, 3.943002198383789
114, 19.458383140992904
114, 9.971609760448622
114, 5.724586708187523
114, 3.967241710975614
114, 1.099274819840878
114, 0.5619577216706073
114, 4.4573451135940765
114, 8.990671724662578
114, 0.7734745620341447
114, 2.2605348856230874E-5
114, 0.954021335201457
114, 4.021215595985952
114, 7.170389619345159
114, 0.16799881027163702
114, 0.8734258158316879
114, 19.99898027638063
114, 1.737266445702564
114, 6.644616279459829
114, 2.2398585325619162
114, 0.20448294416012927
114, 0.10577890888394192
114, 0.8043416806707866
114, 0.004602480528551236
114, 4.814292701774235
114, 1.4106380269911747
114, 0.09037968525525408
114, 0.8346481228759819
114, 17.893783088102012
114, 0.44617154597441655
114, 3.4626566277267408
114, 1.5107978382087854
114, 9.674057913932476
114, 0.12573036532341456
114, 0.3020335680454197
114, 2.935019551526149
114, 1.69717772693728
114, 0.2834957028093465
114, 0.9156868089227111
114, 1.321428474328748
114, 3.969087261350713
114, 2.3034070060546417
114, 5.000560219237979
114, 4.997667398141907
114, 2.8346380433434475
114, 0.7500669572427484
114, 3.4343720254712533
114, 19.368747837061193
114, 0.7865577459922343
114, 0.18730880482171663
114, 3.0810404340966144
114, 0.5001838908577235
114, 16.215940397926218
114, 5.752299454541861
114, 0.10953774522178415
114, 10.5959274076725
114, 0.4778980877619741
114, 3.9630989887422667
114, 12.843527835993577
114, 7.93811983855912
114, 0.9052973200293303
114, 4.071453560837442E-4
114, 9.899837177167504
114, 0.44398750202692433
114, 1.5062307039683487
114, 2.238249957583958
114, 1.4893895867253464
114, 1.3518854818606774
114, 0.13312975841919533
114, 3.7218291072481984
114, 2.7602997285927127
114, 0.07951067890596693
114, 6.217431630284533
114, 11.62379119162763
114, 1.1690596625504048
114, 0.27789494945603427
114, 0.7343638265932784
114, 3.70198527849599
114, 0.8602787501691992
114, 4.055892891768636
114, 0.2701556721721284
114, 0.09895210503955255
114, 0.2957840900124509
114, 0.07828390752133109
114, 0.9773230062718541
114, 9.33574877792533
114, 0.23420797536143959
114, 2.6583299267829203
114, 0.2150895792904545
114, 4.205970548265679
114, 0.07680638963837128
114, 1.4858098541965905
114, 0.47540550418197725
114, 10.513364633309857
114, 2.3193960654154444
114, 7.619400817550611
114, 1.9989330471435034
114, 18.81264208841596
114, 3.1344386840928053
114, 2.850655131207232
114, 3.8837503462962593
114, 0.20445351969241674
114, 7.3028800991597285
114, 0.45654979000612234
114, 7.994015158356969
114, 1.000047047475508
114, 10.231176903141998
114, 0.4360827375491
114, 4.020872286039408
114, 0.623868340936828
114, 11.098461857612632
114, 1.5861419341350102E-4
114, 6.209799877847945
114, 7.367048808373276
114, 0.9534791603190493
114, 0.9529786036679286
114, 6.470161363371657
114, 8.503879127047787
114, 0.7515675479927253
114, 13.052422024112687
114, 1.6149662039895687
114, 3.106892436550299
114, 0.01130143913161915
114, 12.250488295652405
114, 0.011245955600711977
114, 7.511607644826645
114, 3.208094388971323
114, 2.801752655332565
114, 0.19879716330997832
114, 0.0037702298204235285
114, 0.5890767374664801
114, 3.4730650196257633
114, 1.2421493523654217
114, 0.253469918757874
114, 0.6264379286553272
114, 1.0946262274300853
114, 5.117587766865125
114, 6.7887306448847395
114, 16.67179263071693
114, 0.14945752479585656
114, 6.5667413123303096
114, 2.188358519765
114, 0.008258720913154313
114, 1.6914482814662064
114, 0.45008883278203093
114, 7.127513776687165
114, 2.382617089972061
114, 1.3858377193786058
114, 1.3767083765284105
114, 1.5245599146208082
114, 1.437169852801097
114, 0.008897132710581665
114, 3.7881383650501412
114, 15.410751457555568
114, 5.342956149527795
114, 0.02058457800106772
114, 2.5047575141462284
114, 0.5862525677315147
114, 0.02288553998418913
114, 2.1245383939787987
114, 0.7849056610685454
114, 0.340647378666793
114, 0.10384470319935328
114, 0.7779483574739452
114, 8.454928080753403
114, 6.571703905927795
114, 0.003071849466531117
114, 10.274965281091292
114, 5.053664793000248
114, 1.9235966995788902
114, 1.5885930043179397
114, 24.86707775059222
114, 15.037979506549728
114, 0.4665157018539312
114, 4.176167236616333
114, 3.9000880695191054
114, 1.8518659091581862
114, 3.9373837396792277
114, 12.006610933751562
114, 1.1468538529675274
114, 0.7736956738812206
114, 0.3364135578400386
114, 19.61365361904234
114, 6.836345357849088
114, 8.657262453002206
114, 0.27415976281174903
114, 2.175491361418629
114, 17.636867967195784
114, 16.278848963343922
114, 0.27490464581701407
114, 1.2172959387669957
114, 8.035755653461279E-4
114, 7.994102144422071
114, 0.8398218219440235
114, 5.306324691112715
114, 7.056366148441522
114, 0.6485835957772247
114, 1.5552034288089678
114, 0.63043196161996
114, 3.65138022848217
114, 10.637663854036425
114, 1.144166842706734
114, 5.1180474685045
114, 0.008690607014835114
114, 0.2764740196868747
114, 1.9560344561477085
114, 0.9825746152611626
114, 6.728734135788893
114, 1.546094413732279
114, 4.227601112026148
114, 0.8439189176794339
114, 0.37348692849580256
114, 0.03517188717090851
114, 4.300837448407912
114, 6.042821233738305
114, 0.11750631904386094
114, 5.394670939796549
114, 4.817259154985083
114, 1.5021722474032935
114, 0.0029284115356262783
114, 1.5575580445178618
114, 4.132689811452493
114, 0.005401504280206276
114, 2.3817406088827924
114, 1.870496351267706
114, 1.5707392624205794
114, 0.5036118301279914
114, 0.07293081810292486
114, 6.439289303785286
114, 1.2959152137000882
114, 0.16663457548941177
114, 1.256950420395349
114, 0.12623310766498688
114, 0.7906415826680623
114, 0.1177394554982421
114, 1.5641142993589139
114, 0.7304522379725908
114, 0.1764070847945407
114, 0.7577635982793014
114, 4.243403648699211
114, 4.009697289777128
114, 0.9914861106722546
114, 8.700389928332157E-4
114, 0.48841010662097045
114, 0.8769530267900676
114, 3.0542063278125293
114, 1.4597433438689777
114, 0.5399004473847419
114, 2.8158198320578385
114, 1.936033345680604
114, 2.0330286012443413
114, 1.745546307704139
114, 0.40355121318992815
114, 4.372187483116679
114, 3.821141157309983
114, 7.78649661453845
114, 0.5109230154742603
114, 0.17866175940695206
114, 7.427344508805008
114, 0.6718084203391727
114, 3.0093437989293808
114, 0.06604833572603726
114, 1.4389437019143552
114, 13.400703946627207
114, 1.3489133134202498
114, 0.7808160025926189
114, 5.00701647748555
114, 3.189398322463616
114, 1.6965742919589455
114, 0.14397670386805117
114, 1.4923945148869004
114, 1.1072237941251357
114, 1.2300156394458086
114, 0.1033896782681173
114, 6.438918984656922
114, 1.1688978037641613
114, 10.47721766544572
114, 2.795869052782737
114, 0.7524219515675251
114, 0.10028862201352998
114, 6.4568343118876586
114, 2.0601229610545415
114, 0.9605754123613272
114, 0.7731751452487595
114, 0.47515639272257226
114, 8.071011756448533
114, 7.407703795162202
114, 5.3853236664172055
114, 1.9804725996460588
114, 5.2863561365594425
114, 1.9623941275324612
114, 0.5509332786228767
114, 0.08090730377807726
114, 0.5723924837423806
114, 0.16634992162030968
114, 2.203648017486654
114, 8.891321634963566
114, 3.2804747250389306
114, 0.7602836355574633
114, 1.6216671314794504
114, 20.88703626277926
114, 0.18682430682277953
114, 5.284836973758119
114, 2.4978984042418015
114, 0.5523645594420638
114, 0.6932544864231848
114, 17.135149668261352
114, 0.6559285869587974
114, 22.711763223280435
114, 10.038655173365985
114, 2.095355898623308
114, 0.9664254941869126
114, 27.44593648648856
114, 5.166395281252284
114, 8.164578814343695
114, 4.082229403944811
114, 0.029833504509866455
114, 5.552716507966772
114, 4.403207121219318
114, 0.5690958695927698
114, 0.5970497235243946
114, 0.2148998477627551
114, 3.7157603288970282
114, 0.030786921027112068
114, 0.029590524296654343
114, 3.5839372603435726
114, 3.719855386339451
114, 1.433947345335313
114, 2.153142198860601
114, 3.723542836894773
114, 6.551060628141914
114, 3.6673458083277004
114, 0.9352178229879138
114, 3.4097803093606807
114, 1.7049659318659438
114, 2.947278938990004
114, 8.56840826016993
114, 0.12784938942917448
114, 5.8851445442224
114, 3.831781884587966
114, 0.16590038826589038
114, 0.384786766700714
114, 0.00657938395716243
114, 0.005124766169375763
114, 2.805157046935246
114, 3.300119880509517E-4
114, 5.072561297792269
114, 3.0859020374511457
114, 0.17329066267659948
114, 3.211668539035869
114, 7.12211862693594
114, 2.3665315351081486
114, 2.6670119732895443E-5
114, 1.9013175000829712
114, 0.5557684953543617
114, 0.20762500303817577
114, 2.771126327546073
114, 0.22552028226147722
114, 0.08724575408489324
114, 0.2494991886414291
114, 0.30252478107819486
114, 0.003434498726967201
114, 1.2415614241608537
114, 1.7703732729211088
114, 1.065940627823399
114, 5.426386772551238
114, 0.9354360926134843
114, 3.3236640294611166
114, 3.866777177735787
114, 0.08456691033007409
114, 0.01844272341061958
114, 5.996177846616946
114, 0.5127175626166635
114, 10.550582233980991
114, 7.309308490517656
114, 0.21866123502986726
114, 1.2338726409474166
114, 4.18548809811814
114, 0.25215935713753046
114, 5.5570832818931155
114, 0.09874057775875257
114, 0.438015911698554
114, 0.6882760921614518
114, 5.839515866160817
114, 0.5415165719186658
114, 13.654600154156732
114, 0.9749990672021075
114, 3.153242940746282
114, 1.4966326555912977
114, 0.3130742403538137
114, 23.537932598622696
114, 18.55911709220995
114, 0.2025077382217423
114, 14.700868189594496
114, 0.23267919913669846
114, 0.24598793479436115
114, 1.5293816354525753
114, 2.6716201572285416
114, 3.3110073703453744
114, 15.530856315671437
114, 18.8520565345157
114, 9.589889080269513
114, 1.0522942683686118
114, 1.5621767800542878
114, 2.414928647895115
114, 2.653859488717824
114, 6.783490738603439
114, 7.361978752700044
114, 8.205682868927093
114, 0.09757158371341464
114, 0.24302233825204636
114, 0.704403942433113
114, 0.047845858380574736
114, 0.007617598762932786
114, 0.05038909194688446
114, 0.21140621548191116
114, 11.732716771982245
114, 6.625469415641111
114, 1.9175622793894893
114, 14.475766923441157
114, 8.778868864745045
114, 0.026303548019320125
114, 22.011069870199474
114, 8.084352064522248
114, 0.029894474330561135
114, 7.462648150351085E-4
114, 2.592099548566731
114, 0.1084442330168485
114, 1.6244847687918125
114, 0.599102311136872
114, 1.3208056077035741
114, 1.8382550130181472
114, 0.24880178715285983
114, 1.1878098908565298
114, 9.685500469192299
114, 2.738302831185483
114, 0.11333252837068382
114, 0.0055615959630402135
114, 8.116437171670698
114, 0.4693030842897225
114, 0.03699187409700992
114, 0.2506892443157542
114, 3.39799730415576
114, 3.262374717429176
114, 7.703488102629651
114, 1.8036238354925271
114, 1.0756319305964788
114, 0.09065001378622477
114, 0.24400214784798335
114, 4.5485107854310165
114, 8.505474314851998
114, 3.973689061362685
114, 5.687428801975578
114, 26.802496648500256
114, 0.4299540247989721
114, 2.7163266385769345
114, 1.819488052767482
114, 2.5331839099703757
114, 5.688019139506197
114, 0.5561547274446146
114, 0.3358163612021286
114, 0.08243202765644309
114, 0.40185273892506373
114, 2.1552863588672726
114, 11.41130899104881
114, 0.2577015933572296
114, 5.868077878380862
114, 0.24459476264061028
114, 2.218616102051617
114, 0.5066513241249267
114, 2.4965619805680164
114, 0.35365725480655935
114, 4.032840116196899
114, 0.24246858464200605
114, 0.0011473150653145193
114, 2.4438898685350616
114, 9.208508962435456
114, 0.5933422875177762
114, 2.3410752757023934
114, 0.6236747251519578
114, 0.3562801910246995
114, 12.584489151556498
114, 5.665801383398428
114, 1.9597888467400577
114, 15.682350085622236
114, 0.7263693621581206
114, 4.717121617104635
114, 0.8955692724541585
114, 0.6487581613939828
114, 0.16074548765515445
114, 0.012655943176542169
114, 0.13578776330607875
114, 0.17607335471880803
114, 0.024905613455111535
114, 10.259345132953868
114, 6.0579602477408825
114, 0.12682366160193895
114, 3.190414456778818
114, 0.7816084119953263
114, 0.007108052654631712
114, 0.1374363014983509
114, 21.213980319865033
114, 0.803783435409413
114, 3.128020979003437
114, 2.3025818467700443
114, 0.5556537361823346
114, 1.3244396415439874
114, 22.781046691599943
114, 0.11079595076377902
114, 1.6577658975845357
114, 0.021461445414615508
114, 2.9408830738903515
114, 10.153353409826192
114, 4.6189471264706565
114, 0.3109170645324057
114, 0.5657843627282723
114, 0.04254201676788471
114, 0.12623688456096713
114, 0.1432998803748873
114, 1.0624053549603754
114, 0.6681658630485928
114, 7.6967266818596185
114, 0.8782952513289561
114, 1.1695605087874286
114, 1.0187159887349626
114, 7.442726692267422
114, 1.1248319457583926
114, 2.8325831659357155
114, 0.0036689913479077633
114, 0.022964274280719007
114, 0.9359804210814576
114, 8.481896707795705
114, 0.29595633627007506
114, 7.63531016118698
114, 0.2944141937172372
114, 0.8478066817020113
114, 2.0810706037264106
114, 0.2575381501996631
114, 7.886997224493005
114, 1.1498418735698903
114, 0.021830257197669376
114, 0.14494630962862395
114, 6.7793911333681764
114, 2.1179061769899468
114, 0.38333616016006183
114, 0.44208453379894547
114, 0.6100437971596879
114, 0.6195215154024144
114, 0.042003633644290134
114, 2.523887185952278
114, 3.318423352205966
114, 0.0889562856242688
114, 0.648569699042267
114, 0.20814105122149365
114, 1.0233223367085236
114, 0.04344379231729191
114, 1.5009251461098048
114, 1.6587203924903298
114, 0.06619054254358346
114, 0.8242673909895386
114, 0.4159030432251128
114, 2.015788262376153
114, 0.00438020344436888
114, 0.36622880777360917
114, 7.293248699372027
114, 1.3523747945607834
114, 0.9177856242935114
114, 3.6055087980095073
114, 1.477449021751836
114, 5.692245843202439
114, 1.5096294096250802
114, 0.19695687322597122
114, 1.8725730357952066
114, 1.237765895838362
114, 0.4095206289828911
114, 5.772117862275698
114, 1.644216698203382
114, 0.003532223677237538
114, 2.8757287154992226
114, 0.0273824274668718
114, 8.992767959364038
114, 0.1306112690355219
114, 1.5585209561835884
114, 0.12059288704000773
114, 0.0035332284548823564
114, 5.459087149480169
114, 4.064416228243463
114, 0.09435309262736018
114, 1.9901808027576358
114, 0.05524377433413087
114, 9.501412172958943
114, 12.733777114797647
114, 9.302917227183956
114, 1.5334374101360198
114, 4.3921226872588495
114, 3.4833211449661334
114, 0.38797391372254575
114, 3.0326903515860718E-5
114, 3.8169546948600734
114, 0.03846426042957137
114, 3.658139369404899
114, 0.049467065208833
114, 0.011658677391058364
114, 0.4029279207590437
114, 9.182582420339358
114, 0.7490855092634928
114, 0.24783581450655698
114, 0.1032579082546101
114, 0.012841270052401566
114, 1.3936825045772683
114, 0.8391608515501721
114, 1.8915752883553802
114, 0.6614209197302133
114, 3.3740894210748804
114, 8.914742376863012
114, 10.186284337332168
114, 11.986247581392089
114, 0.06906609171075881
114, 3.323395266775405
114, 2.1900246700810846
114, 6.857426640076379
114, 0.17421407285178517
114, 0.5534154608898973
114, 2.0510491513894547
114, 13.50095110665209
114, 8.82572710139308
114, 2.4124550323270393
114, 10.729129822027751
114, 3.336280455122028
114, 5.067354426232473
114, 1.30068091721629
114, 5.341685757842001
114, 0.7988779725930264
114, 0.06580860414126606
114, 5.16252801923118
114, 0.7002940287311552
114, 9.197573891142715
114, 3.6361728705663467
114, 2.3189028928648403
114, 2.106425410339903
114, 9.014406518457042
114, 5.0222759327006425
114, 7.042939812602288
114, 7.839710908733773
114, 1.8678888286547832
114, 1.2314536423446925
114, 0.17058307522807348
114, 6.926981450763995E-4
114, 1.7239158756984803
114, 0.267322631984119
114, 0.7789412759214521
114, 0.06717272961700632
114, 0.2287686925379872
114, 2.3592507084810155
114, 7.807602883565694
114, 1.3413894624844316
114, 5.106351826337023
114, 9.634898236145611
114, 20.820401424135206
114, 2.9940508305827045
114, 1.6135436648334585
114, 0.02768734495595709
114, 8.123906025150417
114, 0.3159246390406305
114, 2.4442591135980436
114, 0.31177409715768684
114, 1.2016898109768355
114, 16.4573482170069
114, 0.5311934957138733
114, 3.291643967769399
114, 13.848267651433096
114, 0.6776763614148039
114, 1.0243744256594213E-5
114, 3.389459652134968
114, 0.11654127314845818
114, 12.970052272188457
114, 0.34875850582342305
114, 3.086561860491995
114, 0.025211791238165606
114, 3.155563012377934
114, 2.5262514009888344
114, 8.265093721498486
114, 6.666269944785331
114, 0.09256059058134843
114, 5.974038116552057
114, 0.058551805435094736
114, 0.5875958647467222
114, 5.375101440717533E-4
114, 0.12484528373933666
114, 1.8770784971908177
114, 2.5809827910147387
114, 3.1012231271457913
114, 0.10983218161088064
114, 0.11415761086154942
114, 0.102918389295657
114, 6.634161456138684
114, 0.06374481284078826
114, 1.2338579199840234
114, 0.0905614252045721
114, 0.08708020831197644
114, 3.2151207945279427
114, 0.025465383550674476
114, 1.5138495671373307
114, 1.7882087880075366
114, 2.8200553236867756
114, 4.502363259053509
114, 2.3794736072115836
114, 1.7029144325078174
114, 1.488957926518669
114, 0.07046080338019552
114, 9.829791832803615
114, 0.008473147169136342
114, 11.498412319896365
114, 14.84971931756319
114, 1.2224502287113361
114, 0.9101524547464728
114, 7.3635431853467335
114, 0.643491315268352
114, 8.6214452262215
114, 4.733218526266131
114, 2.6487203775917734
114, 0.2549248870092254
114, 5.465285593922818
114, 0.07826710014343408
114, 3.013152927338188
114, 2.8706310233387504
114, 5.423852062843179
114, 4.54070951889177
114, 5.141612004742904
114, 7.296386135317395
114, 1.155433579209088
114, 9.172591195475789
114, 2.041889769212223
114, 0.01741391253745257
114, 15.554660897340813
114, 8.660512051445966
114, 2.2839470796886685
114, 3.047678053040194
114, 0.1945689188840754
114, 12.64992731954609
114, 2.507946805783135
114, 3.4683295648977253
114, 2.278967831454058
114, 1.776222093084359
114, 1.3879478359147583
114, 0.28064878103430846
114, 3.2179722295485265
114, 0.5428170305497797
114, 2.2787599768639635
114, 0.9144779294119553
114, 3.8983525410501443
114, 22.762686532544496
114, 2.0157280360853096
114, 2.5341884646298944
114, 2.6943209778106603
114, 0.26014654139661825
114, 3.9246071769583937
114, 6.981328992356775
114, 0.20709978006307828
114, 0.0479529786513496
114, 1.5326073281409933
114, 1.8164777695021304
114, 3.893024950081101
114, 12.188350820978135
114, 0.059388144129938196
114, 2.456394797091555
114, 0.012579600486684576
114, 0.4503323125492795
114, 6.933140527180689
114, 1.4833672223213563
114, 1.104024502105311
114, 0.1799140218213248
114, 0.010394875952999146
114, 1.25359417310659
114, 20.388181373796055
114, 0.20793290974593118
114, 2.5807463679163667
114, 2.9012600846762284
114, 7.955126464503799
114, 9.622814305232344
114, 2.598959485788184
114, 3.760600047155348
114, 0.9619685234107821
114, 1.0828480713103716
114, 2.3903550330134395
114, 0.33274104677843974
114, 3.124371045949656
114, 1.3332791287873502
114, 3.2101052340515097
114, 0.29542140863140093
114, 0.042489774138838934
114, 2.7282795312966512
114, 6.459900714946978
114, 0.017482984878619007
114, 0.0020430804932128352
114, 11.761086911475182
114, 0.03046116218519979
114, 15.355001299621886
114, 2.873501632199652
114, 1.9259809746337508
114, 7.821910134799407
114, 7.854100520002738
114, 0.8115371134630225
114, 1.797394185564431
114, 0.008285310941587878
114, 2.8106209422194626
114, 1.9071332628840694
114, 7.525913950153713
114, 0.6107837472917846
114, 1.9386821365618692
114, 10.299912111136155
114, 0.8633838126935044
114, 1.468559827950371
114, 6.881250063494858
114, 6.651265378906541
114, 12.750849028633999
114, 0.5107608376441563
114, 1.4293775378807922
114, 0.6924306287674986
114, 0.5604234350208741
114, 0.9321999834045133
114, 0.0017042609403085788
114, 7.576145562093027
114, 1.9744424774219433
114, 4.905286879673722
114, 4.092012699955861
114, 0.593425049906549
114, 3.817065868520705
114, 20.423159447258904
114, 0.7579354743561507
114, 0.021008636501085115
114, 1.346987606443765
114, 0.7471255866561642
114, 0.048626459359797626
114, 6.979282400977023
114, 0.6266754906468841
114, 0.5348660090728586
114, 3.434280253907858
114, 2.118787624172913
114, 7.724214505871131
114, 12.741190600094006
114, 3.7252571432449124
114, 0.7984712358971835
114, 0.03757193046356176
114, 0.6845915322284017
114, 0.5455169943919507
114, 7.2535842796729515
114, 0.002478556838382394
114, 0.10605194100397541
114, 0.24003070490379472
114, 0.37868329415499
114, 4.073247635650414
114, 1.2654778495465453
114, 0.1622633570862495
114, 0.517303689920834
114, 1.3460288970081054
114, 0.4289593900844167
114, 8.176571770383966
114, 0.43885094700659805
114, 6.992464422326707
114, 3.176556798662338
114, 1.1336573864074686
114, 2.4434670062323725
114, 16.453524512440655
114, 0.91279945872753
114, 7.685648330820302
114, 0.3737536334272914
114, 6.288570663395489
114, 1.7894622545951206
114, 7.819796920819075
114, 26.643722889701216
114, 6.010507959597677
114, 0.21756148751096324
114, 7.569263557776237
114, 7.849997317368412
114, 0.20258942904639915
114, 1.1707064789441635
114, 0.06486938915909188
114, 6.817162184747268
114, 11.516008359434144
114, 0.1742107130690259
114, 1.5133098152522149
114, 4.878545095665233
114, 0.21059411440306974
114, 4.665425327076142
114, 0.3745465806976248
114, 0.2613250491242008
114, 13.71403973464825
114, 1.1294274950971872
114, 2.417143928639404
114, 1.052978088438572
114, 0.9089094146413422
114, 0.7596045795057941
114, 0.6412921043182507
114, 1.7984293777058922
114, 0.05534402793845645
114, 0.7849293282442669
114, 1.0267428161136474
114, 0.15011710950313162
114, 0.792654630012901
114, 9.765574986448513
114, 0.8752254683819042
114, 4.410916910497902
114, 0.8080453219067121
114, 19.727715846147706
114, 2.8140382315688077
114, 1.7319475468898589
114, 0.04224925597151621
114, 0.655249535097849
114, 1.2798286343332554
114, 23.311466181250776
114, 3.1749705783508957
114, 4.205758005118415
114, 0.02691081116502537
114, 2.402338782824735
114, 4.652251454934331
114, 1.6672381071102542
114, 0.6904284783277203
114, 4.8520474259731055
114, 1.9447980288108773
114, 5.383072890686244
114, 0.4374398706451136
114, 12.46447043722551
114, 0.0051479813780723966
114, 0.19660719510395877
114, 0.586036886747554
114, 0.6004896283042644
114, 0.9550231475886055
114, 0.005875994039925458
114, 6.0430640270260625
114, 0.007986111590402918
114, 0.06504329245441728
114, 4.138805129610485
114, 1.521511174507385
114, 2.612629223170397
114, 2.2051542968455267
114, 1.919560960733772
114, 17.611180475415075
114, 4.659997792486813
114, 2.6137009351346014
114, 2.256220962648172
114, 1.9140557470388597
114, 3.1262898426016585
114, 0.1368390721141478
114, 0.8610961653591178
114, 9.961254702291301
114, 0.2209748113317844
114, 2.2119395511338746
114, 1.1975676091420342
114, 1.7508739323535847
114, 0.058619029284019006
114, 2.640258215896104
114, 0.058402355617233795
114, 0.005023080298599588
114, 6.323495701604319
114, 13.859054737508943
114, 9.907401761883799
114, 0.17692492578139413
114, 1.9303148908261634
114, 10.325973658305603
114, 1.1850992159775486
114, 0.6783437272683952
114, 0.09179650722579598
114, 8.217896820038995
114, 1.3531833085394767
114, 1.8633216557948635
114, 0.5893175452969756
114, 2.6082199726230977
114, 1.9449135642078752
114, 1.8291085506832103
114, 9.82035351047491
114, 12.603974393788635
114, 0.24120367836140738
114, 3.7960312411769688
114, 2.0671710433617028
114, 1.8138498300942236
114, 1.3487531537070327
114, 3.458683741297318
114, 11.708759705296618
114, 3.0152054118311584
114, 4.697232350470664
114, 0.02885823424900608
114, 0.2573520056218883
114, 0.04593960030274327
114, 1.7414960263923955
114, 1.102665499037208
114, 5.769684160417642
114, 4.952982395993954
114, 6.6050825962711714
114, 11.327953656213715
114, 5.795634646991564
114, 0.13653283578529077
114, 0.8778468567504695
114, 8.339253076887518
114, 0.00367165436703201
114, 15.169341322617306
114, 3.380480204809525
114, 5.874024560299969
114, 0.4514067319841576
114, 12.462616552307798
114, 6.287947399348758
114, 0.285762747707345
114, 9.374016622332688
114, 0.3570554165947004
114, 14.546608304614495
114, 2.661363722116621
114, 6.006570511644211
114, 5.221889954547406
114, 2.393315563458549
114, 2.117435946093708
114, 5.398536699168728
114, 10.024167141058918
114, 1.5330525820288052
114, 1.917011129975171
114, 4.262742487534469
114, 0.008112382455568863
114, 6.207141926135241
114, 5.162380051313298
114, 3.4814205216814704
114, 0.46902455006150284
114, 0.44220863150579487
114, 3.461988017544101
114, 2.0376110504320226
114, 0.18605981351303635
114, 0.16746367442302693
114, 5.1541075364162445
114, 0.24955286573230098
114, 0.0017891371577087656
114, 0.1497270189504615
114, 0.8676059898414542
114, 0.3668963231393273
114, 3.305421838009566
114, 3.649431043459843E-8
114, 0.7102463649542545
114, 2.993440106069619
114, 1.0821800573174434
114, 0.7116002878431675
114, 3.5201353173432417
114, 0.4251827374573956
114, 1.8969343243715548
114, 6.8705859654023635
114, 0.05203946817226321
114, 0.052000799141953054
114, 5.449512561341526
114, 1.5477940112462456
114, 0.25566965791339497
114, 10.506709883352222
114, 5.8590355929294955E-5
114, 1.3728260935061443
114, 8.671356123145786
114, 1.9061858469537976
114, 3.3607221304690187
114, 2.4345291041705024
114, 0.20397039698841893
114, 1.3554109584469518
114, 6.3104026263551365
114, 2.480585859478779
114, 6.251689711400908
114, 6.425518396104452
114, 11.65028482133354
114, 22.81260140744165
114, 8.955141944030048
114, 3.416980349959933
114, 1.4385883384422986
114, 1.4695970645065102
114, 9.303813199138448
114, 27.00919351780345
114, 6.164809307874094
114, 0.2213520564308467
114, 1.3583407149127011
114, 4.915852383101633
114, 0.12430033197745556
114, 0.6859959921253074
114, 0.9600111747197647
114, 0.4291484230456547
114, 0.16545461910131448
114, 1.625037124776842
114, 6.4417845900185995
114, 2.1168819521052513
114, 0.010646822279418811
114, 3.0381962904042408
114, 9.775223029992297
114, 0.18168334605651126
114, 10.28195807520809
114, 5.548211392423754E-4
114, 0.012322120634830793
114, 0.09237889548172797
114, 1.1983830043236676
114, 6.853949146486784
114, 1.4461771656361746
114, 2.0052386734892274
114, 13.309873105873478
114, 6.188043647212342
114, 0.7990054237385047
114, 0.04711711593798526
114, 0.6079217686625175
114, 1.0750480925238255
114, 0.8865636749724006
114, 6.12101869634445
114, 3.9982772200317025
114, 1.7790000437145623
114, 2.5692801356385195
114, 3.0163659284016293
114, 0.13196165132844573
114, 0.06430744109232864
114, 3.577431700580389
114, 2.1035227682671778
114, 7.618883715450782
114, 1.4715458671545674
114, 4.429493802388204
114, 5.525390413694184
114, 0.1888971950043167
114, 0.8102323670030563
